,Ticker,Date,Name,AcquiredDisposedCode,TransactionCode,Shares,PricePerShare,SharesOwnedFollowing,fileDate
1,AEHR,2023-10-16T00:00:00.000,ROGERS VERNON,D,F,970.0,37.31,35630.0,2023-10-18T01:33:28.000
2,AEHR,2023-10-16T00:00:00.000,RICHMOND DONALD P. II,D,F,825.0,37.31,171886.0,2023-10-18T01:33:25.000
3,AEHR,2023-10-16T00:00:00.000,Erickson Gayn,D,F,5015.0,37.31,413680.0,2023-10-18T01:33:20.000
8,GIII,2023-10-16T00:00:00.000,POMERANTZ LAURA H,D,S,10904.0,24.21,20166.0,2023-10-18T01:14:10.000
9,STAG,2023-10-16T00:00:00.000,MARR CHRISTOPHER P,A,A,509.0,34.33,3233.0,2023-10-18T00:53:09.000
10,STAG,2023-10-16T00:00:00.000,Chin Jit Kee,A,A,400.0,34.33,5909.0,2023-10-18T00:50:43.000
11,STAG,2023-10-16T00:00:00.000,COLBERT VIRGIS,A,A,400.0,34.33,18211.0,2023-10-18T00:48:41.000
12,STAG,2023-10-16T00:00:00.000,Furber Jeffrey D.,A,A,509.0,34.33,49253.0,2023-10-18T00:46:57.000
13,STAG,2023-10-16T00:00:00.000,Butcher Benjamin S,A,A,400.0,34.33,7488.0,2023-10-18T00:45:14.000
14,STAG,2023-10-16T00:00:00.000,Dilley Michelle,A,A,400.0,34.33,9099.0,2023-10-18T00:43:11.000
15,STAG,2023-10-16T00:00:00.000,WEGER HANS S,A,A,546.0,34.33,6272.0,2023-10-18T00:41:14.000
16,STAG,2023-10-16T00:00:00.000,Jacoby Francis X III,A,A,400.0,34.33,29408.0,2023-10-18T00:38:58.000
17,STAG,2023-10-16T00:00:00.000,Guillemette Larry T,A,A,946.0,34.33,39968.0,2023-10-18T00:37:15.000
19,MRVL,2023-10-16T00:00:00.000,MURPHY MATTHEW J,D,S,30000.0,53.36,869287.0,2023-10-18T00:34:22.000
39,MU,2023-10-16T00:00:00.000,MEHROTRA SANJAY,D,F,29433.0,69.21,695437.0,2023-10-18T00:15:00.000
41,BHR,2023-10-16T00:00:00.000,Vaziri Abteen,D,S,1321.0,2.81,0.0,2023-10-18T00:14:53.000
58,MU,2023-10-16T00:00:00.000,Sadana Sumit,D,F,10341.0,69.21,270939.0,2023-10-18T00:14:12.000
89,MU,2023-10-16T00:00:00.000,Deboer Scott J,D,F,7244.0,69.21,222800.0,2023-10-18T00:12:24.000
105,MU,2023-10-16T00:00:00.000,BHATIA MANISH H,D,F,9546.0,69.21,323921.0,2023-10-18T00:11:29.000
111,SWAV,2023-10-16T00:00:00.000,Godshall Douglas Evan,D,S,300.0,197.0,151149.0,2023-10-18T00:10:36.000
112,SWAV,2023-10-16T00:00:00.000,Godshall Douglas Evan,D,S,1846.0,203.6,141649.0,2023-10-18T00:10:36.000
113,SWAV,2023-10-16T00:00:00.000,Godshall Douglas Evan,D,S,1254.0,202.86,143495.0,2023-10-18T00:10:36.000
114,SWAV,2023-10-16T00:00:00.000,Godshall Douglas Evan,D,S,300.0,201.29,144749.0,2023-10-18T00:10:36.000
115,SWAV,2023-10-16T00:00:00.000,Godshall Douglas Evan,D,S,5500.0,200.0,145049.0,2023-10-18T00:10:36.000
116,SWAV,2023-10-16T00:00:00.000,Godshall Douglas Evan,D,S,600.0,198.64,150549.0,2023-10-18T00:10:36.000
117,SWAV,2023-10-16T00:00:00.000,Godshall Douglas Evan,D,S,200.0,194.59,151449.0,2023-10-18T00:10:36.000
118,SWAV,2023-10-16T00:00:00.000,Godshall Douglas Evan,A,M,10000.0,3.416,151649.0,2023-10-18T00:10:36.000
119,MU,2023-10-16T00:00:00.000,Bokan Michael W,D,F,5071.0,69.21,170469.0,2023-10-18T00:09:04.000
133,MU,2023-10-16T00:00:00.000,ALLEN SCOTT R.,A,M,6612.0,0.0,61293.0,2023-10-18T00:07:53.000
137,MU,2023-10-16T00:00:00.000,ALLEN SCOTT R.,D,F,2983.0,69.21,58310.0,2023-10-18T00:07:53.000
145,MU,2023-10-16T00:00:00.000,ARNZEN APRIL S,D,S,3508.0,69.71,155352.0,2023-10-18T00:06:02.000
153,MU,2023-10-16T00:00:00.000,ARNZEN APRIL S,A,M,3508.0,41.56,158860.0,2023-10-18T00:06:02.000
154,MU,2023-10-16T00:00:00.000,ARNZEN APRIL S,D,F,4347.0,69.21,155352.0,2023-10-18T00:06:02.000
158,SST,2023-10-16T00:00:00.000,Coppola Brian,D,F,1147.0,1.19,242095.0,2023-10-18T00:03:11.000
160,SST,2023-10-16T00:00:00.000,Sestanovich Elizabeth,D,F,383.0,1.19,164818.0,2023-10-18T00:01:39.000
168,BYRN,2023-10-16T00:00:00.000,Ganz Bryan,A,P,5000.0,3.51,620148.0,2023-10-18T00:00:40.000
171,SST,2023-10-16T00:00:00.000,Weinrot Daniel J,D,F,637.0,1.19,153223.0,2023-10-17T23:59:49.000
188,INSP,2023-10-17T00:00:00.000,NELSON MARILYN C,A,M,963.0,0.94,20063.0,2023-10-17T23:52:37.000
190,INSP,2023-10-17T00:00:00.000,NELSON MARILYN C,A,M,1037.0,0.94,21100.0,2023-10-17T23:52:37.000
198,AEHR,2023-10-16T00:00:00.000,SPORCK ALISTAIR N,D,S,955.0,37.65,11988.0,2023-10-17T23:45:51.000
201,OPEN,2023-10-16T00:00:00.000,Schwartz Christina,D,S,6487.0,2.3855,655479.0,2023-10-17T23:41:10.000
203,OPEN,2023-10-16T00:00:00.000,Meyer Megan D.,D,S,27471.0,2.3855,2637998.0,2023-10-17T23:40:43.000
204,BE,2023-10-16T00:00:00.000,Brooks Guillermo,D,S,3792.0,12.47,143401.0,2023-10-17T23:36:36.000
207,BE,2023-10-16T00:00:00.000,SODERBERG SHAWN MARIE,D,S,1996.0,11.73,80651.0,2023-10-17T23:30:09.000
209,HALO,2023-10-17T00:00:00.000,LaBarre Michael J.,A,M,10000.0,19.98,161911.0,2023-10-17T23:28:14.000
210,HALO,2023-10-17T00:00:00.000,LaBarre Michael J.,D,S,10000.0,36.52,151911.0,2023-10-17T23:28:14.000
211,MRCY,2023-10-16T00:00:00.000,Stevison James Mitch,D,S,1642.0,38.8112,86385.0,2023-10-17T23:13:47.000
213,MRVL,2023-10-16T00:00:00.000,Koopmans Chris,D,S,5000.0,52.62,134492.0,2023-10-17T23:13:07.000
221,CIEN,2023-10-16T00:00:00.000,Cumello Joseph,D,S,1212.0,42.45,38163.0,2023-10-17T23:10:51.000
227,PATH,2023-10-16T00:00:00.000,Gupta Ashim,D,S,12000.0,16.1018,159505.0,2023-10-17T23:07:08.000
228,PATH,2023-10-16T00:00:00.000,Gupta Ashim,D,S,40000.0,16.1032,1143754.0,2023-10-17T23:07:08.000
229,RSG,2023-10-17T00:00:00.000,HANDLEY THOMAS W,A,L,108.0,0.0,2057.0,2023-10-17T23:06:25.000
232,JBL,2023-10-17T00:00:00.000,BORGES STEVEN D,D,S,4057.0,136.0,144205.0,2023-10-17T23:05:19.000
234,ANF,2023-10-16T00:00:00.000,Rust Jay,D,F,194.0,62.72,445.0,2023-10-17T23:05:16.000
235,ANF,2023-10-16T00:00:00.000,Rust Jay,A,M,639.0,0.0,639.0,2023-10-17T23:05:16.000
236,CIEN,2023-10-16T00:00:00.000,Rothenstein David M,D,S,3500.0,42.45,220159.0,2023-10-17T23:03:38.000
237,ZYXI,2023-10-16T00:00:00.000,Sandgaard Thomas,A,M,209000.0,0.2,14604465.0,2023-10-17T23:02:24.000
243,ACEL,2023-10-16T00:00:00.000,Ruttenberg David W.,D,S,20000.0,10.1891,546545.0,2023-10-17T23:00:03.000
244,CIEN,2023-10-16T00:00:00.000,McFeely Scott,D,S,2000.0,42.45,85054.0,2023-10-17T22:59:43.000
245,SNOW,2023-10-16T00:00:00.000,Kleinerman Christian,D,S,1500.0,157.9,660289.0,2023-10-17T22:57:05.000
246,CIEN,2023-10-16T00:00:00.000,SMITH GARY B,D,S,4166.0,43.5666,411008.0,2023-10-17T22:55:29.000
247,RMD,2023-10-16T00:00:00.000,Farrell Michael J.,D,S,5675.0,140.6985,449360.0,2023-10-17T22:50:49.000
248,RMD,2023-10-16T00:00:00.000,Farrell Michael J.,A,M,5675.0,57.76,455035.0,2023-10-17T22:50:49.000
257,HCCI,2023-10-17T00:00:00.000,Bruce Ellie,D,D,64185.0,45.5,0.0,2023-10-17T22:44:17.000
258,HCCI,2023-10-17T00:00:00.000,Fehsenfeld Fred M Jr,D,D,419126.0,45.5,0.0,2023-10-17T22:40:02.000
259,HCCI,2023-10-17T00:00:00.000,Fehsenfeld Fred M Jr,D,D,30550.0,45.5,0.0,2023-10-17T22:40:02.000
262,ACR,2023-10-17T00:00:00.000,Eagle Point Credit Management LLC,A,P,700.0,21.55,684190.0,2023-10-17T22:37:59.000
276,HCCI,2023-10-17T00:00:00.000,Thompson Mary Patricia B,D,D,3361.0,45.5,0.0,2023-10-17T22:30:38.000
277,KBR,2023-10-16T00:00:00.000,LYLES LESTER L,A,A,36.0,61.09,60571.0,2023-10-17T22:26:08.000
280,KBR,2023-10-16T00:00:00.000,Dugle Lynn A,A,A,26.0,61.09,17032.0,2023-10-17T22:22:41.000
281,PHR,2023-10-16T00:00:00.000,Davidoff Michael J.,D,S,1198.0,16.609,92378.0,2023-10-17T22:22:11.000
282,PHR,2023-10-16T00:00:00.000,Gandhi Balaji,D,S,861.0,16.609,85658.0,2023-10-17T22:19:30.000
283,PHR,2023-10-16T00:00:00.000,VanDuyn Amy Beth,D,S,665.0,16.609,118146.0,2023-10-17T22:17:30.000
284,PHR,2023-10-16T00:00:00.000,Hoffman Allison C,D,S,1297.0,16.609,115025.0,2023-10-17T22:15:49.000
285,PHR,2023-10-16T00:00:00.000,Roberts Evan,D,S,1971.0,16.609,745860.0,2023-10-17T22:14:20.000
287,PHR,2023-10-16T00:00:00.000,Linetsky David,D,S,2078.0,16.609,215036.0,2023-10-17T22:11:56.000
288,NFYS,2023-10-17T00:00:00.000,Enphys Acquisition Sponsor LLC,A,C,4994800.0,,4994800.0,2023-10-17T22:09:49.000
290,DLB,2023-10-16T00:00:00.000,Park Robert J,D,F,3485.0,80.44,44937.0,2023-10-17T22:08:11.000
291,PHR,2023-10-16T00:00:00.000,Indig Chaim,D,S,3295.0,16.609,1241996.0,2023-10-17T22:08:00.000
292,VRSN,2023-10-16T00:00:00.000,McPherson Danny R,D,S,125.0,208.42,24896.0,2023-10-17T22:05:54.000
294,TNGX,2023-10-16T00:00:00.000,"Boxer Capital, LLC",A,P,500000.0,6.84,8198642.0,2023-10-17T22:04:34.000
296,MSFT,2023-10-16T00:00:00.000,Jolla Alice L.,D,F,177.075,327.73,69962.7856,2023-10-17T22:03:26.000
314,INSW,2023-10-16T00:00:00.000,Small James D III,D,S,500.0,46.3,53717.0,2023-10-17T21:55:34.000
315,EA,2023-10-16T00:00:00.000,Schatz Jacob J.,D,S,1000.0,132.35,21922.0,2023-10-17T21:53:41.000
333,ESQ,2023-10-16T00:00:00.000,Powers Richard T,A,M,1278.0,12.5,59528.0,2023-10-17T21:37:24.000
334,ESQ,2023-10-16T00:00:00.000,Powers Richard T,D,F,351.0,45.56,59177.0,2023-10-17T21:37:24.000
337,TEAM,2023-10-16T00:00:00.000,Cannon-Brookes Michael,D,S,150.0,195.1967,436623.0,2023-10-17T21:36:37.000
338,TEAM,2023-10-16T00:00:00.000,Cannon-Brookes Michael,D,S,4782.0,196.303,431841.0,2023-10-17T21:36:37.000
339,TEAM,2023-10-16T00:00:00.000,Cannon-Brookes Michael,D,S,200.0,193.475,431641.0,2023-10-17T21:36:37.000
340,TEAM,2023-10-16T00:00:00.000,Cannon-Brookes Michael,D,S,50.0,199.32,431591.0,2023-10-17T21:36:37.000
341,TEAM,2023-10-16T00:00:00.000,Cannon-Brookes Michael,D,S,100.0,190.235,431491.0,2023-10-17T21:36:37.000
342,TEAM,2023-10-16T00:00:00.000,Cannon-Brookes Michael,D,S,2275.0,197.0204,429216.0,2023-10-17T21:36:37.000
343,TEAM,2023-10-16T00:00:00.000,Cannon-Brookes Michael,D,S,100.0,191.96,429116.0,2023-10-17T21:36:37.000
344,TEAM,2023-10-16T00:00:00.000,Cannon-Brookes Michael,D,S,584.0,198.7683,428532.0,2023-10-17T21:36:37.000
345,TEAM,2023-10-16T00:00:00.000,Farquhar Scott,D,S,4782.0,196.303,431158.0,2023-10-17T21:36:26.000
346,TEAM,2023-10-16T00:00:00.000,Farquhar Scott,D,S,100.0,190.235,428532.0,2023-10-17T21:36:26.000
347,TEAM,2023-10-16T00:00:00.000,Farquhar Scott,D,S,100.0,191.96,428632.0,2023-10-17T21:36:26.000
348,TEAM,2023-10-16T00:00:00.000,Farquhar Scott,D,S,150.0,195.1967,428732.0,2023-10-17T21:36:26.000
349,TEAM,2023-10-16T00:00:00.000,Farquhar Scott,D,S,2276.0,197.0204,428882.0,2023-10-17T21:36:26.000
350,TEAM,2023-10-16T00:00:00.000,Farquhar Scott,D,S,583.0,198.7687,435940.0,2023-10-17T21:36:26.000
351,TEAM,2023-10-16T00:00:00.000,Farquhar Scott,D,S,200.0,193.475,436523.0,2023-10-17T21:36:26.000
352,TEAM,2023-10-16T00:00:00.000,Farquhar Scott,D,S,50.0,199.32,436723.0,2023-10-17T21:36:26.000
358,ADBE,2023-10-16T00:00:00.000,Garfield Mark S.,D,S,96.0,553.18,4054.8224,2023-10-17T21:35:11.000
366,RMAX,2023-10-16T00:00:00.000,Peterson Adam K,A,P,51850.0,10.86,2892522.0,2023-10-17T21:33:14.000
371,DCGO,2023-10-16T00:00:00.000,Bienstock Lee,D,S,1667.0,5.89,299037.0,2023-10-17T21:31:34.000
374,OSG,2023-10-16T00:00:00.000,Norton Samuel H,D,S,24987.0,4.6297,2518309.0,2023-10-17T21:26:55.000
375,OSG,2023-10-17T00:00:00.000,Norton Samuel H,D,S,25013.0,4.5934,2493296.0,2023-10-17T21:26:55.000
376,EHC,2023-10-16T00:00:00.000,Williams Terrance,A,A,27.0,0.0,11551.0,2023-10-17T21:25:36.000
377,EHC,2023-10-16T00:00:00.000,SCHLICHTING NANCY M,A,A,42.0,0.0,17541.0,2023-10-17T21:24:06.000
378,EHC,2023-10-16T00:00:00.000,O'Connor Kevin J.,A,A,13.0,0.0,6387.0,2023-10-17T21:22:33.000
379,EHC,2023-10-16T00:00:00.000,Maryland Patricia Anne,A,A,27.0,0.0,11197.0,2023-10-17T21:21:04.000
381,EHC,2023-10-16T00:00:00.000,KATZ LESLYE G,A,A,101.0,0.0,43712.0,2023-10-17T21:19:48.000
382,EHC,2023-10-16T00:00:00.000,HERMAN JOAN E,A,A,101.0,0.0,43712.0,2023-10-17T21:17:36.000
384,EHC,2023-10-16T00:00:00.000,CORRELL DONALD L,A,A,231.0,0.0,99546.0,2023-10-17T21:15:47.000
388,EHC,2023-10-16T00:00:00.000,CARMICHAEL GREG D,A,A,27.0,0.0,13027.0,2023-10-17T21:14:15.000
389,MRVI,2023-10-16T00:00:00.000,MARTIN WILLIAM E. III,D,F,66197.0,7.54,281858.0,2023-10-17T21:12:25.000
390,EHC,2023-10-16T00:00:00.000,Reidy Christopher R,A,A,16.0,0.0,8536.0,2023-10-17T21:10:45.000
391,EHC,2023-10-17T00:00:00.000,Reidy Christopher R,A,A,4.0,64.5,8540.0,2023-10-17T21:10:45.000
393,BRN,2023-10-16T00:00:00.000,SHERWOOD NED L,A,P,28093.0,2.56,2446257.138,2023-10-17T21:10:36.000
394,BRN,2023-10-17T00:00:00.000,SHERWOOD NED L,A,P,23395.0,2.65,2469652.138,2023-10-17T21:10:36.000
395,EHC,2023-10-17T00:00:00.000,CHIDSEY JOHN,A,A,541.0,64.58,161722.0,2023-10-17T21:08:12.000
396,EHC,2023-10-16T00:00:00.000,CHIDSEY JOHN,A,A,222.0,0.0,161181.0,2023-10-17T21:08:12.000
406,CPIX,2023-10-16T00:00:00.000,Krogulski Kenneth,A,L,280.0,2.03,222193.0,2023-10-17T21:04:21.000
420,CRM,2023-10-16T00:00:00.000,Tallapragada Srinivas,D,S,9700.0,205.7039,58676.0,2023-10-17T21:03:03.000
421,CRM,2023-10-16T00:00:00.000,Tallapragada Srinivas,D,S,300.0,206.27,58376.0,2023-10-17T21:03:03.000
422,CRM,2023-10-16T00:00:00.000,Tallapragada Srinivas,A,M,10000.0,161.5,68376.0,2023-10-17T21:03:03.000
423,ALLO,2023-10-16T00:00:00.000,Parker Geoffrey M.,A,A,400000.0,0.0,400000.0,2023-10-17T21:02:27.000
424,ALLO,2023-10-16T00:00:00.000,Parker Geoffrey M.,A,A,390000.0,0.0,790000.0,2023-10-17T21:02:27.000
428,CXW,2023-10-16T00:00:00.000,"Carter, Cole G.",D,S,5000.0,11.08,221162.0,2023-10-17T21:00:09.000
436,LUNA,2023-10-17T00:00:00.000,Gomez-Quintero George,A,A,100000.0,0.0,100000.0,2023-10-17T20:59:09.000
438,RBBN,2023-10-16T00:00:00.000,GRAYSON BRUNS H,A,A,12593.0,,478538.0,2023-10-17T20:58:57.000
441,CRM,2023-10-16T00:00:00.000,Benioff Marc,D,S,680.0,206.7399,15234088.0,2023-10-17T20:58:16.000
442,CRM,2023-10-16T00:00:00.000,Benioff Marc,D,S,1398.0,205.6939,15234768.0,2023-10-17T20:58:16.000
443,CRM,2023-10-16T00:00:00.000,Benioff Marc,D,S,11338.0,208.8144,15221166.0,2023-10-17T20:58:16.000
444,CRM,2023-10-16T00:00:00.000,Benioff Marc,D,S,1584.0,208.1157,15232504.0,2023-10-17T20:58:16.000
445,CCS,2023-10-16T00:00:00.000,Ramirez Elisa Z,A,A,1582.0,0.0,1582.0,2023-10-17T20:55:03.000
448,CERE,2023-10-16T00:00:00.000,PERCEPTIVE ADVISORS LLC,A,P,876808.0,22.81,10794876.0,2023-10-17T20:53:58.000
452,HCCI,2023-10-17T00:00:00.000,Willmschen Robert W Jr,D,D,52739.0,45.5,0.0,2023-10-17T20:52:09.000
457,NKE,2023-10-16T00:00:00.000,PARKER MARK G,D,S,58091.0,99.6,1255600.0,2023-10-17T20:50:12.000
458,NKE,2023-10-16T00:00:00.000,PARKER MARK G,D,G,21090.0,0.0,1313691.0,2023-10-17T20:50:12.000
465,HCCI,2023-10-17T00:00:00.000,BRUCKMANN BRUCE,D,D,129835.0,45.5,0.0,2023-10-17T20:46:52.000
466,TGEN,2023-10-17T00:00:00.000,HATSOPOULOS JOHN,A,P,50000.0,0.8,589385.0,2023-10-17T20:44:53.000
468,EGHT,2023-10-16T00:00:00.000,Seandel Suzy M,D,S,7107.0,2.4662,284146.0,2023-10-17T20:43:23.000
470,OSK,2023-10-16T00:00:00.000,Pfeifer John C,A,M,8578.0,95.82,60552.94,2023-10-17T20:42:57.000
471,OSK,2023-10-16T00:00:00.000,Pfeifer John C,D,F,2805.0,95.82,60294.727,2023-10-17T20:42:57.000
472,OSK,2023-10-16T00:00:00.000,Pfeifer John C,D,F,4032.0,95.82,56520.94,2023-10-17T20:42:57.000
473,OSK,2023-10-16T00:00:00.000,Pfeifer John C,A,M,5966.0,95.82,62486.94,2023-10-17T20:42:57.000
474,DELL,2023-10-17T00:00:00.000,DELL MICHAEL S,D,G,850000.0,0.0,3401255.0,2023-10-17T20:42:12.000
475,DELL,2023-10-16T00:00:00.000,DELL MICHAEL S,D,G,850000.0,0.0,4251255.0,2023-10-17T20:42:12.000
477,EGHT,2023-10-16T00:00:00.000,Wilson Samuel C.,D,S,2000.0,2.38,1089696.0,2023-10-17T20:41:15.000
479,JXN,2023-10-16T00:00:00.000,Romine Scott,D,S,5000.0,39.67,72434.86,2023-10-17T20:39:55.000
483,DBI,2023-10-16T00:00:00.000,Ferree Deborah L,D,S,32000.0,12.14,263813.0,2023-10-17T20:36:10.000
491,ANIP,2023-10-16T00:00:00.000,Shanmugam Muthusamy,D,S,13063.0,58.31,1057620.0,2023-10-17T20:32:09.000
493,MAS,2023-10-16T00:00:00.000,Westenberg Richard J.,A,A,38080.0,0.0,38080.0,2023-10-17T20:32:03.000
494,ABEO,2023-10-16T00:00:00.000,Seshadri Vishwas,D,F,181.0,4.14,508260.0,2023-10-17T20:30:29.000
495,BKNG,2023-10-16T00:00:00.000,Fogel Glenn D,D,S,37.0,2971.16,38180.0,2023-10-17T20:30:14.000
496,BKNG,2023-10-16T00:00:00.000,Fogel Glenn D,D,S,74.0,2989.005,37699.0,2023-10-17T20:30:14.000
497,BKNG,2023-10-16T00:00:00.000,Fogel Glenn D,D,S,74.0,2985.51,37773.0,2023-10-17T20:30:14.000
498,BKNG,2023-10-16T00:00:00.000,Fogel Glenn D,D,S,74.0,2981.325,37847.0,2023-10-17T20:30:14.000
499,BKNG,2023-10-16T00:00:00.000,Fogel Glenn D,D,S,111.0,2979.2367,37921.0,2023-10-17T20:30:14.000
500,BKNG,2023-10-16T00:00:00.000,Fogel Glenn D,D,S,37.0,2977.49,38032.0,2023-10-17T20:30:14.000
501,BKNG,2023-10-16T00:00:00.000,Fogel Glenn D,D,S,111.0,2975.8767,38069.0,2023-10-17T20:30:14.000
502,BKNG,2023-10-16T00:00:00.000,Fogel Glenn D,D,S,74.0,2968.8,38217.0,2023-10-17T20:30:14.000
503,BKNG,2023-10-16T00:00:00.000,Fogel Glenn D,D,S,37.0,2966.54,38291.0,2023-10-17T20:30:14.000
504,BKNG,2023-10-16T00:00:00.000,Fogel Glenn D,D,S,83.0,2964.962,38328.0,2023-10-17T20:30:14.000
505,BKNG,2023-10-16T00:00:00.000,Fogel Glenn D,D,S,38.0,2963.0884,38411.0,2023-10-17T20:30:14.000
506,BKNG,2023-10-16T00:00:00.000,Vojvodich Radakovich Lynn,D,S,29.0,2973.7,494.0,2023-10-17T20:30:12.000
507,BKNG,2023-10-16T00:00:00.000,GOULDEN DAVID I,D,S,550.0,2973.7,12304.0,2023-10-17T20:30:12.000
508,CHTR,2023-10-17T00:00:00.000,Liberty Broadband Corp,D,D,110946.0,435.9,46988843.0,2023-10-17T20:30:10.000
509,NUKK,2023-10-16T00:00:00.000,Assentato Emil,D,S,4000000.0,0.05,207224411.0,2023-10-17T20:30:08.000
512,OSK,2023-10-16T00:00:00.000,Pack Michael E,A,M,2997.0,95.82,22348.869,2023-10-17T20:27:29.000
513,OSK,2023-10-16T00:00:00.000,Pack Michael E,D,F,2016.0,95.82,19351.869,2023-10-17T20:27:29.000
514,OSK,2023-10-16T00:00:00.000,Pack Michael E,A,M,4289.0,95.82,21367.869,2023-10-17T20:27:29.000
515,OSK,2023-10-16T00:00:00.000,Pack Michael E,D,F,1409.0,95.82,21012.144,2023-10-17T20:27:29.000
520,YORW,2023-10-17T00:00:00.000,BRACEY VERNON L,A,P,25.651,35.4778,1802.376,2023-10-17T20:24:41.000
521,LLY,2023-10-16T00:00:00.000,Sulzberger Gabrielle,A,A,8.0,616.64,1714.0,2023-10-17T20:24:30.000
524,N O G,2023-10-16T00:00:00.000,Allen Chad W,D,S,7560.0,40.53,41537.0,2023-10-17T20:23:08.000
525,LLY,2023-10-16T00:00:00.000,LUCIANO JUAN R,A,A,23.0,616.64,15156.0,2023-10-17T20:22:58.000
526,OSK,2023-10-16T00:00:00.000,Nerenhausen Frank R.,A,M,2997.0,95.82,57547.012,2023-10-17T20:22:31.000
527,OSK,2023-10-16T00:00:00.000,Nerenhausen Frank R.,D,F,1304.0,95.82,56303.61,2023-10-17T20:22:31.000
528,OSK,2023-10-16T00:00:00.000,Nerenhausen Frank R.,D,F,1865.0,95.82,54550.012,2023-10-17T20:22:31.000
529,OSK,2023-10-16T00:00:00.000,Nerenhausen Frank R.,A,M,4289.0,95.82,56415.012,2023-10-17T20:22:31.000
530,JCI,2023-10-16T00:00:00.000,Oliver George,D,S,103332.0,52.37,979759.34,2023-10-17T20:22:10.000
531,JCI,2023-10-16T00:00:00.000,Oliver George,A,M,103332.0,35.86,1083091.34,2023-10-17T20:22:10.000
535,LLY,2023-10-16T00:00:00.000,JOHNSON KIMBERLY H,A,A,16.0,616.64,2197.0,2023-10-17T20:21:13.000
540,LLY,2023-10-16T00:00:00.000,Hedley Mary Lynne,A,A,16.0,616.64,1051.0,2023-10-17T20:19:48.000
549,LLY,2023-10-16T00:00:00.000,Fyrwald J Erik,A,A,16.0,616.64,71384.0,2023-10-17T20:18:10.000
550,OSK,2023-10-16T00:00:00.000,Khare Anupam,D,F,851.0,95.82,12619.761,2023-10-17T20:18:08.000
551,OSK,2023-10-16T00:00:00.000,Khare Anupam,A,M,1810.0,95.82,13401.448,2023-10-17T20:18:08.000
552,OSK,2023-10-16T00:00:00.000,Khare Anupam,D,F,1222.0,95.82,11591.448,2023-10-17T20:18:08.000
553,OSK,2023-10-16T00:00:00.000,Khare Anupam,A,M,2600.0,95.82,12813.448,2023-10-17T20:18:08.000
560,TOST,2023-10-16T00:00:00.000,Comparato Christopher P,D,S,58000.0,17.793,159029.0,2023-10-17T20:15:50.000
564,LLY,2023-10-16T00:00:00.000,Alvarez Ralph,A,A,18.0,616.64,53397.0,2023-10-17T20:15:30.000
565,THRN,2023-10-16T00:00:00.000,MITSUI & CO LTD,D,U,15674235.0,,0.0,2023-10-17T20:15:26.000
566,DXCM,2023-10-16T00:00:00.000,ALTMAN STEVEN R,D,S,1000.0,77.58,60700.0,2023-10-17T20:15:22.000
570,TOST,2023-10-16T00:00:00.000,Matlock James Michael,D,S,1089.0,17.777,29973.0,2023-10-17T20:15:11.000
573,BSX,2023-10-16T00:00:00.000,Carruthers Wendy,A,M,3448.0,16.31,60506.0,2023-10-17T20:12:30.000
574,BSX,2023-10-16T00:00:00.000,Carruthers Wendy,D,S,11671.0,49.7869,51795.0,2023-10-17T20:12:30.000
575,BSX,2023-10-16T00:00:00.000,Carruthers Wendy,A,M,2960.0,13.08,63466.0,2023-10-17T20:12:30.000
578,REVB,2023-10-16T00:00:00.000,TIDMARSH GEORGE F,D,S,10957.0,0.661,42096.0,2023-10-17T20:12:08.000
579,OSK,2023-10-16T00:00:00.000,Johnson James W.,A,M,3006.0,95.82,50445.469,2023-10-17T20:12:06.000
580,OSK,2023-10-16T00:00:00.000,Johnson James W.,A,M,2093.0,95.82,51125.469,2023-10-17T20:12:06.000
581,OSK,2023-10-16T00:00:00.000,Johnson James W.,D,F,1413.0,95.82,49032.469,2023-10-17T20:12:06.000
582,OSK,2023-10-16T00:00:00.000,Johnson James W.,D,F,984.0,95.82,50148.859,2023-10-17T20:12:06.000
586,YORW,2023-10-17T00:00:00.000,Chiaruttini Alexandra C,A,P,36.643,35.4778,2309.307,2023-10-17T20:10:29.000
598,OSK,2023-10-16T00:00:00.000,Brandt Bryan K,A,M,1520.0,95.82,9367.802,2023-10-17T20:07:26.000
599,OSK,2023-10-16T00:00:00.000,Brandt Bryan K,D,F,715.0,95.82,8652.802,2023-10-17T20:07:26.000
600,OSK,2023-10-16T00:00:00.000,Brandt Bryan K,D,F,493.0,95.82,9206.802,2023-10-17T20:07:26.000
601,OSK,2023-10-16T00:00:00.000,Brandt Bryan K,A,M,1047.0,95.82,9699.802,2023-10-17T20:07:26.000
609,V,2023-10-16T00:00:00.000,MCINERNEY RYAN,D,S,8150.0,240.0,0.0,2023-10-17T20:02:28.000
610,V,2023-10-16T00:00:00.000,MCINERNEY RYAN,A,M,8150.0,80.15,8150.0,2023-10-17T20:02:28.000
611,"HEI, HEI.A",2023-10-17T00:00:00.000,SCHRIESHEIM ALAN,D,G,2000.0,0.0,103111.0,2023-10-17T20:02:01.000
612,OSK,2023-10-16T00:00:00.000,Cortina Ignacio A,A,M,2997.0,95.82,42891.348,2023-10-17T20:01:52.000
613,OSK,2023-10-16T00:00:00.000,Cortina Ignacio A,D,F,1409.0,95.82,41644.931,2023-10-17T20:01:52.000
614,OSK,2023-10-16T00:00:00.000,Cortina Ignacio A,A,M,4289.0,95.82,41910.348,2023-10-17T20:01:52.000
615,OSK,2023-10-16T00:00:00.000,Cortina Ignacio A,D,F,2016.0,95.82,39894.348,2023-10-17T20:01:52.000
616,YORW,2023-10-17T00:00:00.000,Colon Natalee,A,P,14.291,35.4478,1853.489,2023-10-17T20:01:41.000
619,CWAN,2023-10-16T00:00:00.000,Sahai Sandeep,A,M,117354.0,4.4,151804.0,2023-10-17T20:00:29.000
620,CWAN,2023-10-16T00:00:00.000,Sahai Sandeep,D,F,67354.0,19.6494,84450.0,2023-10-17T20:00:29.000
621,CWAN,2023-10-16T00:00:00.000,Sahai Sandeep,D,S,50000.0,19.6494,34450.0,2023-10-17T20:00:29.000
622,CWAN,2023-10-16T00:00:00.000,Cox James S,A,M,10000.0,4.4,87372.0,2023-10-17T20:00:20.000
623,CWAN,2023-10-16T00:00:00.000,Cox James S,D,S,10000.0,19.6495,77372.0,2023-10-17T20:00:20.000
628,,2023-10-16T00:00:00.000,Wieland James,A,P,2338.8632,21.85,180092.4587,2023-10-17T19:18:36.000
629,,2023-10-16T00:00:00.000,Wieland James,A,A,434.7826,23.0,180527.2413,2023-10-17T19:18:36.000
630,,2023-10-16T00:00:00.000,Hunt Timothy,A,P,65.5602,21.85,5048.1284,2023-10-17T19:17:39.000
631,,2023-10-16T00:00:00.000,Hunt Timothy,A,P,434.7826,23.0,122553.1293,2023-10-17T19:17:39.000
632,,2023-10-16T00:00:00.000,Hunt Timothy,A,P,1585.9529,21.85,122118.3466,2023-10-17T19:17:39.000
633,,2023-10-16T00:00:00.000,Polovitz Mark,A,P,18.8856,21.85,1454.1922,2023-10-17T19:16:51.000
634,,2023-10-16T00:00:00.000,Korsmo Michelle L.,A,P,125.6394,21.85,9674.2633,2023-10-17T19:16:01.000
635,,2023-10-16T00:00:00.000,Korsmo Michelle L.,A,P,434.7826,23.0,10109.0459,2023-10-17T19:16:01.000
636,,2023-10-16T00:00:00.000,Korsmo Michelle L.,A,P,434.7826,23.0,2697.1098,2023-10-17T19:16:01.000
637,,2023-10-16T00:00:00.000,Korsmo Michelle L.,A,P,29.3808,21.85,2262.3272,2023-10-17T19:16:01.000
638,,2023-10-16T00:00:00.000,Korsmo Michelle L.,A,P,434.7826,23.0,2697.1098,2023-10-17T19:16:01.000
639,,2023-10-16T00:00:00.000,Korsmo Michelle L.,A,P,29.3808,21.85,2262.3272,2023-10-17T19:16:01.000
640,,2023-10-16T00:00:00.000,Korsmo Michelle L.,A,P,434.7826,23.0,2697.1098,2023-10-17T19:16:01.000
641,,2023-10-16T00:00:00.000,Korsmo Michelle L.,A,P,29.3808,21.85,2262.3272,2023-10-17T19:16:01.000
642,,2023-10-16T00:00:00.000,Carlson Michael Paul,A,P,0.0146,21.85,1.1406,2023-10-17T19:15:08.000
643,ALTR,2023-10-16T00:00:00.000,Scapa James Ralph,D,S,350.0,66.053,0.0,2023-10-17T19:15:00.000
644,ALTR,2023-10-16T00:00:00.000,Scapa James Ralph,D,S,1302.0,64.476,3698.0,2023-10-17T19:15:00.000
645,ALTR,2023-10-16T00:00:00.000,Scapa James Ralph,A,C,5000.0,0.0,5000.0,2023-10-17T19:15:00.000
646,ALTR,2023-10-16T00:00:00.000,Scapa James Ralph,D,S,350.0,66.053,0.0,2023-10-17T19:15:00.000
647,ALTR,2023-10-16T00:00:00.000,Scapa James Ralph,D,S,3348.0,65.443,350.0,2023-10-17T19:15:00.000
648,ALTR,2023-10-16T00:00:00.000,Scapa James Ralph,D,S,1302.0,64.476,3698.0,2023-10-17T19:15:00.000
649,ALTR,2023-10-16T00:00:00.000,Scapa James Ralph,A,C,5000.0,0.0,5000.0,2023-10-17T19:15:00.000
650,ALTR,2023-10-16T00:00:00.000,Scapa James Ralph,D,S,3348.0,65.443,350.0,2023-10-17T19:15:00.000
651,,2023-10-16T00:00:00.000,THOMSEN JOEL S.,A,P,34.2192,21.85,2634.8871,2023-10-17T19:14:00.000
652,,2023-10-16T00:00:00.000,THOMSEN JOEL S.,A,P,34.2197,21.85,2634.9047,2023-10-17T19:14:00.000
653,ALTR,2023-10-16T00:00:00.000,JRS Investments LLC,A,C,5000.0,0.0,5000.0,2023-10-17T19:13:33.000
654,ALTR,2023-10-16T00:00:00.000,JRS Investments LLC,D,S,1302.0,64.476,3698.0,2023-10-17T19:13:33.000
655,ALTR,2023-10-16T00:00:00.000,JRS Investments LLC,D,S,3348.0,65.443,350.0,2023-10-17T19:13:33.000
656,ALTR,2023-10-16T00:00:00.000,JRS Investments LLC,D,S,350.0,66.053,0.0,2023-10-17T19:13:33.000
657,VIRC,2023-10-16T00:00:00.000,Quinones Patricia Levine,D,S,323.0,7.87,69273.0,2023-10-17T19:13:26.000
658,VIRC,2023-10-17T00:00:00.000,Quinones Patricia Levine,D,S,1000.0,7.73,67803.0,2023-10-17T19:13:26.000
659,VIRC,2023-10-17T00:00:00.000,Quinones Patricia Levine,D,S,470.0,7.8,68803.0,2023-10-17T19:13:26.000
660,,2023-10-16T00:00:00.000,Gleave Damon,A,P,0.0137,21.85,1.0677,2023-10-17T19:12:21.000
661,ALTR,2023-10-16T00:00:00.000,James R. Scapa Declaration of Trust,A,C,5000.0,0.0,5000.0,2023-10-17T19:11:50.000
662,ALTR,2023-10-16T00:00:00.000,James R. Scapa Declaration of Trust,D,S,1302.0,64.476,3698.0,2023-10-17T19:11:50.000
663,ALTR,2023-10-16T00:00:00.000,James R. Scapa Declaration of Trust,D,S,3348.0,65.443,350.0,2023-10-17T19:11:50.000
664,ALTR,2023-10-16T00:00:00.000,James R. Scapa Declaration of Trust,D,S,350.0,66.053,0.0,2023-10-17T19:11:50.000
665,,2023-10-16T00:00:00.000,Christenson Ann L.,A,P,17.0453,21.85,1312.4816,2023-10-17T19:10:59.000
666,,2023-10-16T00:00:00.000,Wolf Lance,A,P,77.3506,21.85,5955.9837,2023-10-17T19:09:48.000
667,,2023-10-16T00:00:00.000,Wolf Lance,A,P,1435.2398,21.85,110513.4619,2023-10-17T19:09:48.000
668,,2023-10-16T00:00:00.000,Hammes Gregory P.,A,P,6.7689,21.85,521.2034,2023-10-17T19:08:28.000
669,,2023-10-16T00:00:00.000,Hammes Gregory P.,A,P,6.7689,21.85,521.2034,2023-10-17T19:08:28.000
670,UMH,2023-10-16T00:00:00.000,QUIGLEY KENNETH K JR,A,P,73.39,13.625,26221.34,2023-10-17T19:01:20.000
711,"HEI, HEI.A",2023-10-16T00:00:00.000,Neitzel Julie,D,G,76.0,0.0,79.0,2023-10-17T17:01:11.000
730,ASB,2023-10-16T00:00:00.000,Utz John A.,A,J,81.7311,16.487,90107.8167,2023-10-17T16:47:33.000
731,ASB,2023-10-16T00:00:00.000,Stadler Tammy C.,A,J,167.6315,16.487,59083.9371,2023-10-17T16:45:14.000
732,ASB,2023-10-16T00:00:00.000,Kitowski Nicole M,A,J,41.5891,16.487,35658.4417,2023-10-17T16:42:40.000
733,ASB,2023-10-16T00:00:00.000,DeWitt Angie,A,J,38.884,16.487,35484.174,2023-10-17T16:40:29.000
735,APPS,2023-10-16T00:00:00.000,Miller Michael Benjamin,D,F,513.0,5.35,9526.0,2023-10-17T16:19:54.000
736,APPS,2023-10-16T00:00:00.000,Miller Michael Benjamin,A,M,513.0,5.35,8059.0,2023-10-17T16:19:54.000
737,APPS,2023-10-16T00:00:00.000,Miller Michael Benjamin,A,M,2105.0,5.35,10039.0,2023-10-17T16:19:54.000
738,APPS,2023-10-16T00:00:00.000,Miller Michael Benjamin,D,F,125.0,5.35,7934.0,2023-10-17T16:19:54.000
747,STLD,2023-10-16T00:00:00.000,Sierra Luis Manuel,A,A,17.0,0.0,6023.0,2023-10-17T15:33:07.000
748,STLD,2023-10-16T00:00:00.000,TEETS RICHARD P JR,A,A,86.0,0.0,5049289.0,2023-10-17T15:32:36.000
749,STLD,2023-10-16T00:00:00.000,Sonnenberg Steven Alan,A,A,69.0,0.0,19439.0,2023-10-17T15:31:39.000
750,STLD,2023-10-16T00:00:00.000,Shaheen Gabriel,A,A,216.0,0.0,83290.0,2023-10-17T15:31:17.000
752,STLD,2023-10-16T00:00:00.000,Seaman Bradley S,A,A,177.0,0.0,51179.0,2023-10-17T15:30:14.000
753,STLD,2023-10-16T00:00:00.000,MARCUCCILLI JAMES C,A,A,185.0,0.0,85443.0,2023-10-17T15:29:47.000
754,STLD,2023-10-16T00:00:00.000,DOLAN TRACI M,A,A,186.0,0.0,55831.0,2023-10-17T15:29:30.000
755,STLD,2023-10-16T00:00:00.000,Cornew Kenneth W.,A,A,8.0,0.0,33506.0,2023-10-17T15:29:14.000
756,STLD,2023-10-16T00:00:00.000,BARGABOS SHEREE L,A,A,74.0,0.0,22056.0,2023-10-17T15:28:56.000
757,LEGH,2023-10-16T00:00:00.000,Shipley Kenneth E,D,S,17400.0,18.71,2926610.0,2023-10-17T14:59:21.000
758,LEGH,2023-10-16T00:00:00.000,Hodgson Curtis Drew,D,S,17400.0,18.7,1068971.0,2023-10-17T14:55:21.000
760,SFE,2023-10-16T00:00:00.000,SALZMAN ERIC,D,F,5298.0,1.11,295902.0,2023-10-17T14:53:10.000
761,RCG,2023-10-16T00:00:00.000,STAHL MURRAY,A,P,180.0,1.8,235960.0,2023-10-17T14:51:35.000
762,RCG,2023-10-16T00:00:00.000,STAHL MURRAY,A,P,1.0,1.8,277.0,2023-10-17T14:51:35.000
763,RCG,2023-10-16T00:00:00.000,STAHL MURRAY,A,P,7.0,1.8,4642.0,2023-10-17T14:51:35.000
764,RCG,2023-10-16T00:00:00.000,STAHL MURRAY,A,P,45.0,1.8,59017.0,2023-10-17T14:51:35.000
765,RCG,2023-10-16T00:00:00.000,STAHL MURRAY,A,P,184.0,1.8,239977.0,2023-10-17T14:51:35.000
769,SFE,2023-10-16T00:00:00.000,DeMont Ross D,A,A,14327.0,1.11,266481.0,2023-10-17T14:44:31.000
772,BUKS,2023-10-16T00:00:00.000,Daly Joseph Patrick,A,P,20000.0,0.68,3590000.0,2023-10-17T14:39:45.000
773,BUKS,2023-10-16T00:00:00.000,Daly Joseph Patrick,A,P,40000.0,0.69,3540000.0,2023-10-17T14:39:45.000
774,BUKS,2023-10-16T00:00:00.000,Daly Joseph Patrick,A,P,30000.0,0.69,3570000.0,2023-10-17T14:39:45.000
775,BUKS,2023-10-16T00:00:00.000,Daly Joseph Patrick,A,P,10000.0,0.7,3500000.0,2023-10-17T14:39:45.000
778,SFE,2023-10-16T00:00:00.000,Michelson Beth,A,A,15521.0,1.11,103846.0,2023-10-17T14:35:55.000
779,TDG,2023-10-16T00:00:00.000,Reiss Joel,D,S,779.0,863.3341,3851.0,2023-10-17T14:35:50.000
780,TDG,2023-10-16T00:00:00.000,Reiss Joel,D,S,265.0,860.4591,6298.0,2023-10-17T14:35:50.000
781,TDG,2023-10-16T00:00:00.000,Reiss Joel,D,S,37.0,859.5062,6563.0,2023-10-17T14:35:50.000
782,TDG,2023-10-16T00:00:00.000,Reiss Joel,D,S,863.0,862.4504,4630.0,2023-10-17T14:35:50.000
783,TDG,2023-10-16T00:00:00.000,Reiss Joel,D,S,231.0,864.3937,3620.0,2023-10-17T14:35:50.000
784,TDG,2023-10-16T00:00:00.000,Reiss Joel,D,S,20.0,865.446,3600.0,2023-10-17T14:35:50.000
785,TDG,2023-10-16T00:00:00.000,Reiss Joel,D,S,805.0,861.4976,5493.0,2023-10-17T14:35:50.000
786,TDG,2023-10-16T00:00:00.000,Reiss Joel,A,M,3000.0,226.34,6600.0,2023-10-17T14:35:50.000
787,TPL,2023-10-16T00:00:00.000,HORIZON KINETICS ASSET MANAGEMENT LLC,A,P,3.0,1910.03,198339.0,2023-10-17T14:34:46.000
798,TSOI,2023-10-16T00:00:00.000,Ichim Thomas,A,A,20000000.0,0.0015,142000000.0,2023-10-17T14:26:45.000
799,YUM,2023-10-16T00:00:00.000,Gibbs David W,D,D,1326.0,116.88,59084.15,2023-10-17T14:26:45.000
800,YUM,2023-10-16T00:00:00.000,Gibbs David W,D,S,1759.0,117.55,57325.15,2023-10-17T14:26:45.000
801,YUM,2023-10-16T00:00:00.000,Gibbs David W,A,M,3065.0,50.22,60390.15,2023-10-17T14:26:45.000
802,YUM,2023-10-16T00:00:00.000,Gibbs David W,D,D,1317.0,116.88,59073.15,2023-10-17T14:26:45.000
803,YUM,2023-10-16T00:00:00.000,Gibbs David W,D,S,1748.0,117.55,57325.15,2023-10-17T14:26:45.000
804,YUM,2023-10-16T00:00:00.000,Gibbs David W,A,M,3085.0,50.22,60410.15,2023-10-17T14:26:45.000
810,TSOI,2023-10-16T00:00:00.000,DIXON TIMOTHY G,A,A,70000000.0,0.0015,358993103.0,2023-10-17T14:23:08.000
814,SFE,2023-10-16T00:00:00.000,Glass Russell D,A,A,14327.0,1.11,165625.0,2023-10-17T14:19:43.000
819,GNLX,2023-10-16T00:00:00.000,Thomas John,D,S,2452.0,20.5014,473341.0,2023-10-17T14:19:41.000
820,GNLX,2023-10-16T00:00:00.000,Thomas John,D,S,881.0,21.3037,472460.0,2023-10-17T14:19:41.000
840,FLEX,2023-10-16T00:00:00.000,Tan Lay Koon,A,A,996.0,0.0,242624.0,2023-10-17T13:33:06.000
841,FLEX,2023-10-16T00:00:00.000,HURLSTON MICHAEL E.,A,A,996.0,0.0,58878.0,2023-10-17T13:33:06.000
847,VANI,2023-10-16T00:00:00.000,Williams Gregg,A,P,1600.0,1.0,380437.0,2023-10-17T13:33:06.000
850,PRTFTM,2023-10-16T00:00:00.000,RAD Investments LLC,A,P,61924.0,0.5,3180268.0,2023-10-17T13:33:06.000
851,PRTFTM,2023-10-16T00:00:00.000,RAD Investments LLC,A,P,120000.0,0.5,3300268.0,2023-10-17T13:33:06.000
855,ARCH,2023-10-16T00:00:00.000,Klein Rosemary L,D,S,316.0,154.91,8315.0,2023-10-17T13:33:06.000
868,CYTK,2023-10-16T00:00:00.000,Blum Robert I,D,S,12500.0,33.7,441417.0,2023-10-17T13:28:14.000
869,CYTK,2023-10-16T00:00:00.000,Blum Robert I,A,M,12500.0,6.67,453917.0,2023-10-17T13:28:14.000
877,LW,2023-10-16T00:00:00.000,JURGENSEN WILLIAM G,A,P,3000.0,84.35,162834.58,2023-10-17T12:42:50.000
881,INKT,2023-10-16T00:00:00.000,AGENUS INC,A,P,429.0,1.0992,21772863.0,2023-10-17T12:38:21.000
914,K,2023-10-16T00:00:00.000,KELLOGG W K FOUNDATION TRUST,D,S,77800.0,50.3195,53865038.0,2023-10-16T23:54:33.000
933,AESI,2023-10-16T00:00:00.000,Schmidt Richard W,D,S,16708.0,20.42,1703579.0,2023-10-16T23:30:42.000
940,ARCH,2023-10-16T00:00:00.000,Demzik Paul T.,D,S,10.0,154.5,8211.0,2023-10-16T22:12:03.000
941,ARCH,2023-10-16T00:00:00.000,Demzik Paul T.,D,S,179.0,153.18,8221.0,2023-10-16T22:12:03.000
950,GO,2023-10-16T00:00:00.000,Herman Thomas F,D,S,2000.0,27.69,17400.0,2023-10-16T22:11:09.000
951,ARCH,2023-10-16T00:00:00.000,Slone Deck,D,S,473.0,154.76,21007.0,2023-10-16T22:10:59.000
956,ARCH,2023-10-16T00:00:00.000,Slone Deck,D,S,370.0,152.72,21480.0,2023-10-16T22:10:59.000
973,SPGC,2023-10-16T00:00:00.000,Hoge Brett Widney,A,P,7620.0,1.09,255400.0,2023-10-16T21:28:05.000
976,HHH,2023-10-16T00:00:00.000,"Pershing Square Capital Management, L.P.",A,P,22046.0,68.95,17217007.0,2023-10-16T21:27:01.000
983,CSWI,2023-10-16T00:00:00.000,Armes Joseph B,D,S,550.0,174.86,54182.0,2023-10-16T21:20:57.000
984,CSWI,2023-10-16T00:00:00.000,Armes Joseph B,D,S,265.0,174.13,54732.0,2023-10-16T21:20:57.000
985,CSWI,2023-10-16T00:00:00.000,Armes Joseph B,D,S,93.0,176.91,53997.0,2023-10-16T21:20:57.000
986,CSWI,2023-10-16T00:00:00.000,Armes Joseph B,D,S,92.0,176.05,54090.0,2023-10-16T21:20:57.000
988,CTRN,2023-10-16T00:00:00.000,"Fund 1 Investments, LLC",A,P,2000.0,23.6734,939368.0,2023-10-16T21:20:06.000
1055,ACLS,2023-10-16T00:00:00.000,COOGAN JAMES GORDON,A,A,5891.0,0.0,5891.0,2023-10-16T20:43:09.000
